question_cluster,label,n,retention_14d,retention_2d,sample_questions
-1,noise,4417,0.2357,0.1302,"Hello Canon, I was wondering if you believe this Wiki page is good enough? ||| Hello,
I resent that Milchan is characterized as someone who made his billions simply as a movie producer, when in reality he was set up in that business by the Israeli ultra-zionist government with millions, solely to spy on Americans. He has enlisted american citizens to spy on anyone who opposes Israel’s occupation of Palestine. He helped provide support for apartheid South Africa. Where is the whole truth? ||| Hi,
I'm a professor in quantum science at the University of Maryland, Baltimore County. I joined because I want to create a record of a technical theme that I think is of interest to the community interested in quantum science: Geometric Quantum Mechanics. ||| Hi
I'm trying to draft my first Wikipedia page. Some blocks of my text are green hatched out in the Visual Editing mode. The error is ""Sorry, this element can only be edited in source mode.""
Can you tell me how to remove this please?
I have had a look around Google & Wiki help pages but not found the solution.
Regards & thanks
WozzaHoad ||| I would like to remove a line in the page of Francesca Albanese [LINK]
Text to be removed is
and Research Fellow at the International Institute of Social Studies of Erasmus University Rotterdam.
The text is twice in the page.
The info is incorrect but I cannot edit the page, it's protected. I have used the talkpage but i noticed that also a colleague has done that before me without any result."
1,qc_1,476,0.271,0.1555,"Hi. How do I add info and create a proper citation? ||| how do i create a citation and how can i add manual references?? ||| Hello how do I cite a source ? ||| Hello! I would want to begin with a simpler query: how do you get your citations, and how do you verify them by cross-referencing ? ||| Hello, how do I create a citation?"
2,qc_2,55,0.5818,0.4182,"Hello, how do I fix the formatting error on my user page? Sometime on small screen laptops it works but on my Windows 11 laptop the words ""Userbox templates... "" are slightly cut off (and resume after the Wikipedia Adventure badges). How to fix this? Also, different screen size shows differently. Thank you! ||| Hello, how do I make a taxobox? ||| Hi! I wanted help regarding how I can automate my taxobox. ||| Hi! I was wondering how do i make a userbox and a userbox section for my user page. I also wouldn't mind tips on how to make a user page.
Cheers! ||| Hey there! How do I add user boxes to my profile? Is it just standard HTML?"
3,qc_3,254,0.2795,0.1654,"Hi there! I am wanting to replace the image on the page for a public person, I have the image and its been added to wikimedia, and the copyright holder has emailed wikimedia commons allowing for it to be used. Can you please help me as I can't find how to? Thank you! ||| Hi, How to add a new publication in Wikipedia with puctures ||| How to upload image on wikipedia ||| Hello, I just want to replace my photos on my Wikipedia page. Can you help? ||| I found a Wikipedia page on my relative who for good or bad had some prominence in NJ. There is no picture of him here. I do have a crappy one from his passport application online. Does it make sense to add it?"
4,qc_4,25,0.08,0.04,"Hi, I wanted to know how to insert or upload a video to an article ||| hi mentor upload my article otherwise I tear your ass
if you not upload my article you are gay ||| Hi i have an article ready in my user page i want to upload it in housing society(category)/housing co-operation ||| Hello I Can't Upload my lines in article. ||| How do I upload an article"
5,qc_5,109,0.2936,0.2018,how can I add pictures supporting article ||| How can i attache picture in my article ||| hello pls how do i upload images in an article ||| How to I properly add photos/posters to film/television articles ||| Hi how do I add a photo on someone else's article
6,qc_6,177,0.1017,0.0621,"How to change my user name? ||| Hi Melody :)
Is there a way to change my username after it’s created? I think I would like OwenBreitbarth better. In camel case. ||| Hi! I have a question about changing my name if possible. How can I do that? Thank you :D ||| how do i change the name on the profile ||| Hi
I want to change username
Can you please guide me"
7,qc_7,60,0.1333,0.05,"Hello, am I finish to register ||| hello have a question are there any memberships i could buy ||| Hi I am new here I would like to know how can I create an account for myself ? ||| Register my login ||| Hello I want to send Lidia a question. I tried to sign in did it work"
8,qc_8,36,0.0556,0.0,"How do I delete my account and start a new one with the correct nametag I would like? ||| Hello, I don't know if you can help me but I want to delete my profile. I cannot find how. ||| Hello, how do i delete my account ||| Hello, I don't know if you can help me but I want to delete my profile. I cannot find how. ||| Hi , I’d like to delete my account."
9,qc_9,26,0.4231,0.3462,"Hi,
I've tried creating a page & thought I was using a template but I've no idea how to change it. Help please ||| How do I input data? is there a template? ||| How do i create template ||| Hello, I'm trying to translate pages but I am unable to copy templates. How do I do that? ||| Hello
Thanks for helping
I would like to add an image to a page that has a template. How do I upload the image?
Thanks.
Chip"
10,qc_10,35,0.3143,0.2,"How can I create collapsed sections ||| How do I add a new section ||| Hello, how do I add the things on the side that show different sections ||| How do I make separate sections for specific things? ||| How do I add a new ""sub section"" (I'm not sure if that's the right terminology) to an article?"
11,qc_11,33,0.0606,0.0303,How do I set my profile photo ? ||| How do I add a profile picture? ||| Can I have a profile picture? ||| How can i put profile picture ||| Resim eklemek ve profilimde meslek yazmak istiyorum
12,qc_12,125,0.184,0.088,"how do i upload a free use photo ||| How to put a photo up ? ||| Hello
How are you?
how do I upload a photo to use ? ||| How do I upload a photo ||| hello, i want to upload a file about a token, how do i go about it?"
13,qc_13,82,0.2073,0.122,"How do I add picture to a page? ||| hello, I am a new editor. I just do a edit according to the perfect guideline from yt tutorial but in the page of contribution, it's not showing. And I also i wanna know how to add picture in a template.
Pardon me for my bad english ||| Happy NY!
I’m trying to add a photo and caption to an existing Gallery section on Edmund Blunden’s page. I’ve clicked on Edit and there’s no dropdown menu for adding said photo ||| Hello,
I'd like to add some photos to the page 'Aberdare Golf club'. I cannot seem to find how I add the images into the page though. ||| Hello. How do you add pictures to pages. Also I was thinking about making a page about a military general that doesn’t have a page yet. Any tips?"
14,qc_14,56,0.3036,0.125,"Hi Fieryninja, tnx for the mentorship!
I was reading an article about a company I was working in, and then I saw that the logo in the article is their old one. I said it can be cool to learn how to change this type of stuff i occur on a daily basis. Any clue how to change such an image?
Tnx again! ||| Hello. I work for a company that has just re-branded and am just trying to update our Wiki page so that it has more up-to-date and correct information (which I think I've done). I can't figure out how to upload the new logo. Can you help with this? ||| Hi, I""m trying to change the logo on the Portage Terriers page and it isn't working. It just defaults to the old logo. ||| Hey Glane, hope you are doing well. I was editing a page that had no logo, and I found its logo on Google available publicly. But somehow I am not able to upload it; neither for that page nor for any other page. Could you please guide? ||| Hi Eli, I am a CMO at uShip and we would like to update our company information here: [LINK]
Can you please guide me how best to do this?"
15,qc_15,48,0.2917,0.1042,"hello ,i want to edit the photograph of bakin pertin ||| how do I change the photo of me someone posted here ||| Greetings DanCherek,
As a new editor, I made an error in the file name of a photo file I uploaded. It would be helpful to have this name corrected. Since it was uploaded recently it is likely to have had little or no use. The reason for the file name request is shown on the file's page. [LINK]
Thank you for your offer to mentor. Best Wishes. ||| how do i change a cover picture? ||| Change image"
16,qc_16,72,0.25,0.1806,"How add images ||| How do I add images to my post ||| Hello, How do I add an image ||| Hello, how can I add image to my background information ||| Image insert"
17,qc_17,139,0.1439,0.0647,How do I add an caption to a picture ||| How do i add pictures? ||| HELLO!! I just wanted to know how you add pictures to yk th text or passage I think thats what it’s called.! ||| Hello how can I add photographs ||| Where does picture go?
18,qc_18,28,0.0,0.0,"Hello mam
How can I post an article ||| How can I post own article ||| I want to post my first article ||| I want to post article ||| hei Mujinga, how do I post my article"
19,qc_19,70,0.4286,0.3,"how do i edit a table cell ||| Hi, I am attempting to add a entry to a sorted table but the formatting appears to get messed up ||| I want to add a line to an existing table ||| Hello, if i am editing somewhere with numbered columns, how do i add something straight to the top without disturbing the other columns? ||| Good day to you!
Just a minor question: how does one go about editing tables? There are two rows labeled ""36"" that need cleaning up here. [LINK]"
20,qc_20,22,0.0455,0.0,"Hello. I would like to write an article about Zaharia Cusnir, a photographer from Moldova I discovered some years ago. Do you want to help me to make this article? ||| Hi. The is this emerging artist that is coming out of Jouberton, South Africa, so i want to create an article about him, how can i do so? ||| I'd Like to Create a Wikipedia Description page about someone from South Africa, who has Achieved Quite a lot. ||| Hello my name is Castro and I want help writing a biography about my father who is a Tsonga village king in limpopo south Africa ||| Hey, I want to creat a pa about Aneliswa Mgabadeli, how can I do that?"
21,qc_21,25,0.08,0.04,"Hi, what is best way to put up school subject syllabus ||| I want to write an article for expressing my school history and imformation ||| I want to write about my school, Fjölbrautaskóli Snæfellinga, wich is að gymnasium or upper secondary school in west Iceland. Where do I start ||| Hey, I want to add some information to my school's wikipedia page since there isn't much on it about recent events. How would that work? ||| Hello,
I would like to create a new Wikipedia article for my school. I am the founding principal of a new international school in Taiwan and this school does not have a Wikipedia entry as of yet."
22,qc_22,352,0.2528,0.142,"Hello Asilvering,
A friend of mine has asked me to create a bio page for her. I have done so in the 'sandbox'. How do I get that published publicly?
Regards,
Brianssw ||| Hello, I wrote an article about the goberment of the kingdom of Bir Tawil in my sand box and know I don't find it. Do you know what had happened?
Thanks for reading the doubt.
Gonzalo2025 ||| Hi there,
Im trying to find the move option from sandbox, which is not really appearing in the tool menu. Can you please help me regarding that? Thank you. ||| Hello Friend,
I'm trying to make a wikipedia page and I'm building it in my sandbox to test things out before migrating to an actual page. I have discovered wikidata pages and read that when you make a wikipedia page, a wikidata page is generated automatically.
Is it possible to create a wikidata page that is connected to my sandbox?
Sorry, autocorrect, hello Ferien 😁 ||| Hello, how am I able to officially publish an article that I made in sandbox ?"
23,qc_23,36,0.0278,0.0278,"How can I find comment and meet new people here ||| hi
how can i post ||| How I can post ||| How can I post pictures ||| I want to post myself"
24,qc_24,381,0.2861,0.1995,"is there any way to save a draft when making an article? ||| Hello, do you review AfC as well? ||| Hi Geoff, nice to meet you. I am writing a draft article with a friend of mine on the Indonesian painter Affandi in Dutch (does not exist yet). My friend has drafted a first version in the sandbox. Can I edit this page? Also, I would like to upload a picture I took in the Affandi museum. Is this possible?
Thanks ||| Hi sir, how are you? I hope you are fine. My sister searched for a novel (Konfidenz) by Ariel Dorfman, which I read, and she couldn't find any article on Wikipedia. I created an article about it & I just wanted to ask it is in my User. Do I need to move it or when I published it, it automatically went for review? I will be eager for your kind reply. Thanks ||| Hi!
I have 2 questions:
1. I created a draft article that I submitted for review. An editor asked some questions, I answered those questions and made some edits and submitted the draft again, but I haven't heard back in a couple of days.
2. Some references links I used Saud the URL is wrong (even though I can click on them and they seem valid). It says the error is ""cite"".
Thanks !"
25,qc_25,38,0.2368,0.1053,"Hi!
I recently created a page for David Nasser. I do work for him and have strived to follow the disclosure COI rules for Wikipedia as best as possible. Right now I have submitted the article “David Nasser” for approval (I also made my best efforts to make this article legitimate, unbiased, and sourced for everything).
Do you have any idea how long I could expect the approval process to take?
Thanks! ||| in how many days my wikipedia profile will aprove ? ||| Hello, If I create a wiki page for a brand or a personality, how long does it get published. ||| I just finished edited a new page .How long does it usually take to hear if its acceptable for Wikipedia? ||| Hi Aafi, I've just seen that you're my Wikipedia mentor. Thank you for being there. I've just created new pages, I want to apologise that I made some edits to the text without leaving an explanation about what the changes were, I'm still learning my way around Wikipedia. I've submitted these pages for publication. Can you let me know approximately how long it will take for the pages to be published? Many thanks."
26,qc_26,26,0.0769,0.0,How do i start publishing? ||| I want to publish my brand I'm unable to publish help me ||| How can I publish on this platform ||| How do I publish this? ||| Hello how do I publish something
27,qc_27,22,0.0455,0.0455,How many time takes my page shown in Google ||| My page is not visible on Google ||| How does a page get indexed? Is it determined by the amount of edits it receives from users? ||| Why is there a line through my page? ||| I created a page but not showing in Google why?
28,qc_28,103,0.5825,0.3981,"Help! I found an article that I feel like I know enough about to create (Tupelocetus, and extinct protocetid whale) but can't figure out how to make the taxobox/etc work. I have all of the information, multiple sources, etc, I just don't know how to make it all come together. Any help is appreciated. ||| Hello Zippybonzo!
I have a quick question regarding the infobox -- is there any guides showing how to correctly edit and/or create an infobox? That's all, thanks!
Deuxde ||| Hi how can I replace photos in an election infobox? I tried doing that and I accidentally removed the photo ||| Hello dear Ser! Im a relatively new editor, and as you can see on my user page under the ""hhhh"" that i have tried to make infoboxes, but unfortunately can't. Is there anyway you could provide me with information on how to make them? Thank you! :) ||| Hi. I’m trying to make a page related to the Kurdish-Turkish conflict. But the infobox hasn’t been set ip. Do you know why? I’m quite new, thank you."
29,qc_29,34,0.1176,0.0294,"Hi! I created a company page for a company - how long do it usually take for it to get published? ||| I have a complete page I would like to contribute.
it is formatted and ready for review. how do this ||| Where do I see if my page gets deleted or never gets accepted? ||| Hello! I recently created a page on an indie band, Boys Go To Jupiter. I spent a while working on it, so I want to make sure I did it right. When will I know if it gets approved for publishing? ||| Hi Nick
I just published a page for my nephew Joakim Oldorff, a professional badminton player. I am not very familiar with the system, so what happens next? Will the page be checked first by someone and I will get feedback? I have photographers ""waiting in line"" to add some pictures of Joakim, once the page has been approved.
All the best
Johanna"
30,qc_30,87,0.1379,0.0575,"Edwin Lubinda how to I successfully publish a page ||| Hi Richie - I am not seeing how/where to publish a new page ||| Hwo do I publish my pages? ||| Kindly help me My page is not published yet ||| Hi, how can I publish my page like others for example about Gravitas"
31,qc_31,300,0.2467,0.14,"Hi. How can I see other languages for suggested edits? It only shows me pages in English ||| So how do I translate one of my pages? ||| hi.
it seems wiki chose you to be my mentor.
its an honor to meet you.
by the way, i have translated some topice and pages. but i dont see they are published, in fact they are marked az draft.
what sould i do so i can publicly publish them.
thnx ||| Is there any way i can get (mostly) danish editing recommendations? Right now it only suggest english language articles, and i want to make the danish side better. ||| Where I can find articles in my language more easier?"
32,qc_32,216,0.1111,0.0602,how can I submit my article? ||| Hello how can I publish an article ||| I have an article that can save milions with health how can I publish it. ||| How do I publish my own article? ||| Hi there! Do you have any tips for helping to get my article public faster? Thanks so much.
33,qc_33,37,0.3243,0.1892,"Hello. Good morning! I worked on two recent new articles but its over a month they haven't been reviewed. what do i have to do with them? Am scared working on new when i still have those un considered. ||| when is my article is going to publish ||| How long for the publishing the article? ||| Hi there, just wanted to know about how my article submission getting published. ||| Hola
Envié un artículo para publicación. ¿Cuándo podría tener una respuesta?
Saludos"
34,qc_34,87,0.3908,0.2644,"Good evening from Great Britain
I am trying to set up a subpage from my user page. I thought I had done it OK as described in [LINK]
I put a sentence of text on an apparent subpage but I can't find any link to it from my User page. That is to say that when I click on Special:Prefixindex/
no subpage shows in the drop-down and when I choose another page and click on Show, it flickers slightly then nothing happens ||| Would it be a good idea to create pages about youtubers Scorpionking279 and Monkeyking4753(Me) ||| Hi, could you please guide me on what I should write on my User Page? Thank you! ||| Hello, what is a user page? ||| Hi, I'm D.D.B2024,
How can I create a user page?"
35,qc_35,23,0.1304,0.087,"I want to add my new sutism center to Wikipedia. Is it possible ? ||| Hi Fulbert, thanks in advance for your help. I work at Qorvo, a semiconductor company, with its QSPICE(R) simulation software. I've been tasked with creating a Wiki page for QSPICE and then linking it to the main Qorvo wiki page. I've done a fair amount of wiki editing, I think my draft of a QSPICE page is in correct form and written in the proper way, but need some help getting started as I've not created a new page previously. Best Regards, Tim McCune ||| Hello , is there anyone bearing Humble baddo on wikipedia ||| At the moment I can only say hello.
I registered to correct some information about a computer game I support since 2001/2002.
We will see what I can do on Wikipedia.
Michael ||| Hi, can I update a wiki page about me?"
36,qc_36,26,0.0385,0.0,"good day i want to write an article about the biography of an artist ||| How do I write ✍ a bio for my self for my music ||| Hello I'm an artiste i need an artist bio how do i create one ||| Hi Rambley!
I would like your advice on how to create a well-structured and impactful biography based on my musical career as a public figure and electronic music artist. Could you provide tips on the key elements to include, how to highlight my achievements effectively, and any best practices for writing a professional yet engaging biography?
Thank you for your guidance!
Best regards, ||| I want write a biography for an artist how can I start?"
37,qc_37,132,0.0455,0.0227,"How to write a biography ||| hello
how to put my biography ||| Hey how do I start a biography for someone ||| Hello dear mentor, I an happy to be under your guidance, but before going too far, how can I write my biography on this media platform form ||| i'd like to write an article about myself actually my Biography how can i go about it"
38,qc_38,127,0.0945,0.0236,"Hi, I need to post a biography for a client. Is there a tutorial page for that type of article?
THANKS! ||| How can I edit my bio ||| Where do I post my bio ||| I was hoping to create a simple biography page, and have pasted a template in my sandbox. However, I can't work out how to change the template contents for my subject. Can you help? Thanks ||| Hello I want to know on how to add my biography about me, I already have a google knowledge panel"
39,qc_39,23,0.5652,0.3913,"Hello! How can I edit the info box of a political party so as to show the historical nuances of its ideology and political position more clearly? What code do I use? I have no knowledge on coding ||| i wanted to ask, im just making a military thing in sandbox for fun and im trying to add the flag of the first saudi state in the infobox military conflict template but i still cant find out what i need to write so it shows up. thank you ||| Hello AllyD, I was looking through the article on Dinghy racing and noticed that there was no mention of the importance of identifying flags from the Race Committee which are used to communicate with boats on the water. Anyone who races HAS to know what the flags displayed mean as there is no other way to communicate with them once they are afloat. There is a link to 'racing rules of sailing' towards the bottom of the article but I feel it's important enough to have a summary in the main headings. What do you think? ||| Hello I need to change the nz 4th olace to 3rd as the got 3rd not forth in the 1991 world cup ||| There is the flag of taliban which is not the national flag of Afghanistan so please kindly change the flag there.
Also our flag is a national flag which is n the heart of every Afghan. Our flag is made by three colors, black, red, and green.
Every color in the flag has a really difficult and long story.
We love those three colors and we are dieng for it. 🇦🇫❤"
40,qc_40,23,0.4783,0.3478,"Hi Asilvering,
I am editing my clients wiki and one guys started to revert the changes. How can I lock the wiki page? ||| Pls how can I lock my post so that Noone can edit it ||| I would like to lock a page . Someone who is a supporter of the subject of the article keeps changing it so that it loses it objective tone. ||| Hello can can you please protect this page ||| Question - there is one page where someone is slandering a friend and his business. I know how to edit and save but how can I guarantee that the other party won't come back and change it again? Is there a way to lock it so no more changes can happen"
41,qc_41,25,0.4,0.36,"Hello! For semi-protected pages, what would be the best way to go about making edits to gain experience and be able to edit them? Also, how does one enter a ""Talk"" section? Thank you for your time. ||| I want to edit a article of semi protection changes. ||| Hi.How to edit a semi-protected page? ||| Hello! How do I edit semi-protected pages? I already had more than 10 edits and my account is more than 4 days old. ||| Hello there, you have been assigned as my mentor. I would seek your help and interest in getting an article page protected for preventing vandalism. Please guide me accordingly. The page in question is 'Kopineshwar Mandir, Thane' which I have edited and improved. Because this is a religious place, I want to work forward to give it increased protection."
42,qc_42,26,0.1154,0.0769,"Hello mentor, quick question, I would like to change my name on Wikipedia. Any suggestion on how to do that? Thank you in advance. ||| Hello there
How can I change my name on Wikipedia ||| How to change email here in Wikipedia? ||| Note: 's mentor is away.
Hello, I am wondering how do I change my username on Wikipedia? Thank you! ||| How can I change my User name and link for my Wikipedia
Thank you
Happy new year"
43,qc_43,82,0.0488,0.0122,"I'm really making this account to try to create an Artist page for Bershy. ||| How to make a new page about an artist ||| Hey Tollens, can I create a artist page ||| Im tryna create an artist page for Rebel Nasty. How do i do that? ||| Hi, can i create artist pages?"
45,qc_45,22,0.1818,0.0455,"Hello Shellwood. I misspelled my user name as Bergonholm and it should be Bergenholm. Is there a way to change this?
Thanks ||| hello, just opened my page and made a spelling error on my, name
is Venturini instead of Venturin, can I change it?? ||| Good day. My first post on Wikipedia.
I have made a spelling mistake in my Username.
It must be DHPhotography Jeffreys bay and not
DHhotography Jeffreys bay. Please help ||| Hi there. I need to change the Header on Sir Michael Lyons page as he is no longer BBC Chairman and I want to take that out. How do I do that? Many thanks, Sally ||| Could you help me with a page move as the title no longer makes sense following a DoB updation"
46,qc_46,24,0.0417,0.0,"Hi I am interested in creating a whole new wiki for my guru . He has become quite well known since I first met him 18 years ago please guide if able:) Thank you M ||| I hope you are well my mentor , thanks for choosing considering me
About the person am editing on, she seems not to have more websites talking about her, not using 3rd party social media apps in this, where else can I get information to write about her? ||| Hi Ritchie333,
Could you please me in publishing my Wikipedia page.
Thanks ||| Hello Muffin, appreciate Wikipedia assigning you as a mentor. My karate teacher of 20 years passed away this week and he was very inspirational in the world of Martial Arts. Ideally, I'd like to create an article about him, even using the little information we do know, and built it over time - potentially linking out to the martial art he formed from his teachings over time.
Is this feasible? Where would you reccomend to start if so?
Appreciate any help and support. ||| Thank you mentor. Can I profile myself on Wikipedia? Like create a page for myself?"
47,qc_47,51,0.0784,0.0392,"Hi, i know a musical artist that i wanted to create a page for, is that possible? ||| Hi! Thanks for being my Mentor. How do I specify that my main interest and area of expertise is in the rather broad area of sound reproduction, sound recording, pro / amateur / home audio gear, soundproofing, noise reduction (including EMI / RFI), speaker design, mixing, mastering, mix translation, vintage music gear, analog synthesizers, portastudios etc. Thanks so much! Torin Krell ||| hi, how do I created a page about a music artist ||| Create a User Page for a Music Artist ||| Hi! How do I create a page for a musician?"
48,qc_48,51,0.1569,0.0392,"I posted an article about Sam Lewis, Nashville Singer and Songwriter. Is it published? ||| I would like to make a new article about a musician, composer, producer. How do I start? ||| Hello! I have always been wanting to make some songs have articles and been wanting to let users know what the song means or refers to. But I'm not sure how to (Because I'm new here), is there any way you can help me? ||| Hello, I am a musical artist and I want to create an article about myself. Is it possible? Thanks! ||| Hey Ferien! I'd like to create a full article about a musician, based in Vienna, and wanted to ask how to start off? I got very confused with some instructions and things I read here, and wasn't sure if that's even possible to do. So I don't want to edit anything which already exists but would like to create a full article myself, which has not been written yet :) Happy about any advice! Best, Ines"
49,qc_49,98,0.0714,0.0408,"Hello,
A wikipedia page on the person of interest and honor that I want to write about is already in German. Do I add to that page or create my own. This artist deserves a page in English as the artist created and lived in the United States, although traveled with a jazz musical group. ||| trying to set up a wiki page about an artist (myself) how do i do that? ||| Hello! Happy to have you as a mentor. I am sincerely impressed by your length of experience as an editor (and contributor) here.
Comment: I noticed recently that one of my favorite artists (abstract painter) doesn't have a wiki page and decided to take steps to create a page for him.
Question: while I do not intend to crate many pages, I am happy to contribute in this knowledgebase as much as time permits. Is it a lengthy process to crate a page? Appreciate any thoughts you may have on this... thank you in advance. ||| Hello!
How can i create a wikipedia page about an established musician/artist? ||| Hello
I am a composer and would like to write a wikipedia page about my work, performances, recordings, etc
What is the best way to go about this?"
50,qc_50,48,0.2083,0.0208,"Hi.
I am the label manager for Clutch's Weathermaker Music. Clutch's lead singer is Neil Fallon, who has a Wikipedia page. Neil asked me to find a way to delete the 2nd paragraph beginning with ""In a 2016 interview, ..."" under ""Personal Life"". Neil did not post this.
Thank you. ||| Hi Zoozar,
my name is Paulo Alves.
I'm currently researching the early days of recorded music,
I came across this article [LINK]
I have 19 volumes of original ""Talking Machine News"" publications Cica 1911 to 1916,
would it be of interest to photograph the content of the volumes the uplode it on to this article as Visual reference? ||| I don't want to edit, as much as post a new page in reference to and linked to a ""Mitch Bottler"" that is already mentioned throughout pages on Wikipedia in accordance to R.E.M.'s cover of Superman and a few more songs. ||| Hello. I accidently changed a photo on Robert Fripp's page to the wrong thing. It has been changed back. What should I do? ||| Hello. Re: Jimmy Buffett occupation_ I do not know how to edit. So I am asking someone who knows how to consider this, if possible- Jimmy Buffett in at least one concert in 2008, mentioned that his passport showed his occupation as ""Summer Extender"" It might have been tongue in cheek , or just for the crowd, but thinking about his music and his life, I think it would be awesome if we could add that to his ""occupation"". He certainly extended summer for his millions of fans. I know that this is not a true occupation per the conventional world, but JB was anything but conventional. Let me know what you think."
51,qc_51,57,0.1754,0.1228,"Hi. How do you upload an image for the page? For some reason someone deleted one I think. So it would be nice to re insert an image of the band? ||| Hi, how do I create a page for my band? I wish to list current members and performance dates along with a short biography. ||| how write article about my very notable garage band ||| Hi I'd like to start a draft about a band, what are the first steps in doing so? ||| Hi. I would like to write about a band from Malaysia. Where to start?"
52,qc_52,32,0.4062,0.1875,"Hi, I have made an edit on the ""Racks and quandles"" page just now, before I created the account. Is there a way for the edit to be linked back to me? ||| Hi there, my name is Jeffrey James Santora. I need help adding an article to Wikipedia for a new mathematical theorem and proof that I happened to stumble upon using an artificially intelligent chat bot (ChatGPT). I've never added an article to Wikipedia, however it shouldn't be too difficult to add this particular article with reliable sources due to it's mathematical nature. ||| I'm new to editing. I'm a Professor of Mathematics at the University of Illinois and I'll be doing mostly mathematics articles. Is there an easy way to add/edit math formulas? I'm fluent in LaTeX. ||| Hello,
How can I create a new Wikipedia page entitled ""Hyperquaternions"" defined as a tensor product of quaternion algebras which are Clifford Algebras and constitute a particular case of Hypercomplex numbers?
Thank you for your answer.
Best regards, ||| How do we get a collection of restatements of math conjectures? I know a few, but don't have sources outside my head."
53,qc_53,270,0.0889,0.0333,"Hello, I want to write an article about myself ||| How to make a article about myself ||| How can I write an article about my YouTube gaming channel? I want to spread my channel growth. ||| How do I create and publish an article on a personality ||| Hello, Please I wanted to create an article to talk about myself, can you please teach me how to do that"
54,qc_54,48,0.2917,0.1875,"Good Morning
Can you please tell me how to change the name of an article (in my case, to Jen Olive)? I’m very confused by this.
Thank you…Kevin ||| Hey, how can I change a title to this article. It surely is an anti-LGBT law by any means. But it would certainly be important to be a little bit more concrete:
I would suggest to name it ""Hungarian anti-LGBT education law"" ||| How do I edit someone’s name into A article ||| how do i change the name of the article i created ||| how do i change the article title?"
55,qc_55,53,0.0943,0.0377,"Sir, I want to change my username. Can you suggest to me how? I added a person's information here. I found the information about that person not available anywhere. So I try to add it here. Now how can I add the person's information here? ||| How can I upload my origin information, because it's not widely known? ||| I want to add myself ||| what is personal code? ||| Hello
Hiw can I add a new information"
56,qc_56,27,0.0741,0.037,"Hello
How are you ?
I wanted some guidance on how I can edit my profile ||| How do I edit and build my profile for other to access it online ||| Look I wanna edit my page write articles and put a Picture for the profile and possibly link ||| Hello i want to knows how gonna edit your profile ||| Hello how can I edit my own profile"
57,qc_57,68,0.0882,0.0588,"Hello please I need an assistant how I'm going to create this OkCupid ||| Hello. How do I create a wonderful profile just like yours describing myself briefly. ||| How to do settings about my details on profile? ||| Hello, I’m new and would like to be helped on how to create and edit a profile ||| How can I set up my profile here?"
58,qc_58,526,0.0932,0.0456,"Hi! how do i create a page about someone that is not on wiki yet? ||| Jay, how do i create a Wikipedia page for someone or a podcast ||| Hello how to create a account to on Wikipedia ||| Hello! how are you? I am just trying to create a simple wiki page for my father in law. Any tips on this? ||| Hello how to post your personal information in Wikipedia"
59,qc_59,112,0.3214,0.2054,"Can I change the name of the page?? ||| Hi, I want to create a page for someone else, and don't know how to change the title of it. Right now it says Create ||| Hi Iffy! I'm trying to create a Wikipedia page and I'm wondering why I can't rename my title. ||| Hi there, please can you help me? I need to rename my page
I've looked at several online help articles and it tells me I have to move the page to rename it, but i cannot find the move button one the page - my layout is different and i can't figure out how to rename it. Please can you help me?
Rob ||| Hello - I am trying to change the page name from ""WE Communications"" to our new company name ""We. Communications"". Can you help me figure out how to do that? Thanks much!"
60,qc_60,32,0.3438,0.2188,"Hello Sir
I was wondering if it's possible to speak with my mentor over a video call.
Best regards
Ayan Mullick
Madison, WI, USA. ||| Now, I would consider myself generally experienced since i have more than 850 edits and have been here for about 4 years, but since I switched on newcomer options (for fun)..., I automatically got assigned you as a mentor. So how long does this process take (to nominate mentors)...? ||| What does it mean by your my mentor? like do you really oversee what im doing on wikipedia? ||| How can I be a mentor? ||| Hi,
I have no focus on Latin America. Should I ask for a mentor with a different focus?
Thanks,
Craig"
61,qc_61,22,0.2273,0.1364,"How can I get involved in the Israel-Palestine and American politics areas? ||| I submitted a page for creation about Robert Stanley Matano, a former Kenyan MP and the former kingpin of the Coast Region politics. Kindly assist on how to submit. ||| Hello! I want to get to work making pages for politicians who don't have wikipedia pages. It bothers me that when people look in earnest for a politician, sometimes all they can find is one-sided information. As such, I was recently searching for a politician named Keith Pekau, who is a mayor and candidate for congress. I noticed that his page is set as a ""redirect"" and doesn't have a dedicated page. Is there any way I can get to work on creating a page? ||| Hello, how can I add a sidebar to the page of Lech Kaczyński? ||| Hi
Hope you are doing good!!
I would like to add about a Political Personality and Social Activist from my town. Could you please help me to come up with the information on Wiki.
Regards,
Vasanth"
62,qc_62,45,0.0889,0.0444,"how can people search me on the wikipidea or it takes time can u tell me about it ||| Hello how do I submit my Wikipedia page to google ||| Hello! I have made some Wikipedia pages, but they don’t show up in google, how do I Index them? ||| Hi Rusty, this may sound weird and very random. But I have recently watched the Netflix documentary on Jimmy Savile, and when I searched his name into google there is no mention on the overview from Wikipedia about his sexual offences. This concerns me as I believe if someone searched him up who didn’t know who he was, it is worded that he was a good person. Would it be possible for you to edit it in some way as I am unable to as it is protected from editing? ||| Why my name are not appearing on Wikipedia when I search"
63,qc_63,23,0.2174,0.0435,"Hello I need to download a wiki as a pdf with the date and my editorial Wiki handle on the pdf for my college class how do I do this? ||| I’m working on my [POLICY], and I’m almost done. What do I do now? And, how was the idea of wiki markup made? Couldn’t they make it so it’s just HTML, and there’s no need to translate it into HTML? ||| How can I publish wiki data ||| Hi. I would like to publish a Wiki on behalf of an author. Now what? ||| Why can't I publish a wiki page?"
64,qc_64,161,0.087,0.0373,"I created article but its not submitted by Wikipedia ||| How do you do?
My name is Ruslan. I work in energy sector my working experience approximately 25 years. I created Wikipedia page 2 share the story of my parents who were great scientists I edited everything in line is requirements of Wikipedia, but unfortunately, somehow my article weren’t published yet has been already more than a month. Could you possibly help me or at least navigate me? What shall I do? ||| Hi there!
My name is Stephanie and I am trying to create a Wikipedia page for a candidate that is running for President in the 2024 election. I have already done my research, obtained my citations and created the content. Is there a way to submit or do I have to go through a process before it can be reviewed for publish? Thank you for any assistance! ||| Hi there. I am new to the platform and want to learn how to use Wikipedia's review process. I'll start with a tutorial unless you have something else to recommend. ||| i have been tasked by a leadership academy to write an article for them and publish on wikipedia"
65,qc_65,40,0.075,0.025,"I'm interested in creating a page for The SOFEI Group. Is this possible? ||| Hello and thank you for considering my question. Information on the history of the Farmers’ Union of Alberta states that the organization only existed for about 5 years and was defunct by 1942. In reality it served the Farmers of Alberta for over 20 years. How can we edit the incorrect information on the FUA. ||| I want to create a page for a non profit organization ||| Hello, I was my state's rep to the Equality Federation before and at the meeting in which we founded it as a unique, separate organization and gave it its name. It was fostered, staffed and funded by NGLTF, the Task Force (now NGLTFQ). Not one word acknowledging this empowering assistance appears in the Equality Foundation entry. I had experience working with many national lgbt orgs in my day and the task force was always there to help--without trying to take over or claim all the credit. But they deserve the credit for this. ||| Hi Mujinga, I have been asked to create a simple Wikipedia page about the Female Autism Network of the Netherlands, an organisation that I work with, because we often get enquiries from people in other countries about the FANN is and what it does. The organisation is non-profit and receives no funding, it works with clinicians to improve medical care and support for autistic women, and creates materials (like books and factsheets) to support that goal. Obviously, our website is in Dutch ;-) so we understand that. It will just be a short description with references. What is the best way to start a new page?"
66,qc_66,68,0.0588,0.0294,"How can I create my own profile on Wikipedia ||| Hi Tollens, I have a doubt regarding Wikepedia adventure section. I was going through my first section and suddenly after my profile have created, the adventure tracking was gone. Can you please help me with how can I complete the same. Thanks. ||| How can I create a profile on Wikipedia ||| hello
how can i create a profile on Wikipedia? ||| How do I upload my profile on Wikipedia?"
67,qc_67,136,0.0882,0.0515,"I have two projects I'm working on - one is to add to an already existing person's profile
Another is one where I had enlisted a Wiki Specialist service and wanted to get the information published - it is a biography for a living person (artist) ||| Hello please how can I write my biography on Wikipedia ||| hello. Please I hope you are fine. I want to have my profile on wikipedia so that when people search for my biography, my profile will show up. Can you please guide me? Thanks ||| Hey,
I hope you will be fine. I need you guidance on adding a biography on Wikipedia how can I add and any tips? ||| How do I make a Wiki bio for myself"
68,qc_68,103,0.1942,0.1068,"How can I add movies
which Trisha Khan has done ||| Hello, New here on Wikipedia. I think Johnny Whitaker should be recognized for his role in Gunsmoke. Not sure how to proceed ||| I want to write about an Actor is it possible? ||| Hello! I want to create a page about an author and filmmaker who does not have one. How do I proceed? ||| Hi there, I am trying to create a standard account similar to other film and television personalities"
69,qc_69,20,0.05,0.05,"Hi thank you so much! I need help to create a wikipedia page for my boss at work ||| Hello, I want to create an Wikipedia page for My organisation. Can you help me??
Tell me some coding ||| hi,
i want to make a wiki page about mysenlf and my organisation. how can i create that ||| Is it possible to export a Semantic MediaWiki to Wikipedia? Or, portions of it? We had some development on especially the Organizations portal. [LINK]
Things to consider? Process? ||| Hello Mentor,
Trust you're doing great. I'm looking to create a Wikipedia page for my organisation and CEO. Any advise on how to go about this?
Best Regards,
Angela"
71,qc_71,143,0.0839,0.042,"Hello. Greetings! Can I create my own page? ||| Hey how can I create a page about myself? ||| Hello, I have a question. How do I write out a script for a page ||| How do i make a MACBFS page ||| how do i request a page to be made by someone else since i can't seem to get one approved"
74,qc_74,24,0.4167,0.2917,"Hi, I don't understand how to make a numbered item list. Any tips? thanks. ||| How do I make these small things such as
[1] ||| Hello, the text keeps showing up bolded when I don't want it to be. How do I change that? ||| Hello. How can I type bold and italic letters ? ||| what font do I use here and how do I change it"
75,qc_75,36,0.4167,0.3889,"Hello Oshwah, I hope you're doing good. I have a question: how do you make an archive? I've seen some people having archives for talk pages (both for their personal ones and for articles). Please point me to the right direction, thanks! ||| Hello..you have been randomly assigned to me as an advisor..I`ve been told I can ask you questions regarding editing...I seldom edit articles other than occasionally typos and spelling mistakes...however I do make suggestions on talk pages.
I am assuming I have the right to edit my own personal talk page..other than this message I have never messaged anyone here directly..when people leave comments on my talk page I generally delete them and will continue to do so..if that is against policy I will probably delete this account.
Can you tell me what I need to do to message someone here directly ? This box just appeared so I thought I would ask you.
Thanks ||| So I would want to ask.... Does my talk page also serve as my Article wizard ||| How do I express my comment on a talk page? ||| how can i remove message from your talk page?"
76,qc_76,60,0.0667,0.0667,"I need your help to add information on ""SBI Card"" Article. ||| Hi, I want to create an article about our company. Can you please help me? ||| Hello - I'm one of the founders of Chargeblast. What's a good way for me to get started on building a profile around my company? ||| How can i create a company profile ||| Hello
I am working with a new company called EntreViable
I want to write about the company"
77,qc_77,32,0.0938,0.0312,"I developed our Blogging and Website Submission Website by URL : [LINK] , I want to submit information on wiki about our business how can it possible ||| hello sir, I just want to get my business name on wikipedia. Please help me regarding this. ||| I want to add an online mall on wikipedia. what should I do? ||| Hey! I am trying to help a couple of local businesses get on Wikipedia as part of the government SMB program. May I know how to create a draft for their pages? ||| I am trying to create a Wikipedia page for myself and the business I founded and operate. Would I start by creating a page with a description of myself and the businesses?"
78,qc_78,150,0.1,0.0267,"Hi how can I make a company Wikipedia page for my software company ||| how do I make a article about a company I made that created a app, the company is fairly popular and I think it would be cool to have a Wikipedia page ||| HI We are planning to include our company in Wikipedia. how can we do that ||| Hello, is there a way to change the Epirus Leonidas page (which is now just a product page) to Epirus, Inc. (company page)? We don't have a company page yet because of the place, Epirus, but would like to get a page with our name, Epirus, Inc. ||| Hello!
I am the marketing coordinator and social media manager for a startup company. I am looking to create a Wikipedia page for our company and founder. Any suggestions?"
79,qc_79,23,0.087,0.0435,"I would like to write a page for a local business to help customers find it ||| Hello! How would I go about creating a page for an emerging business leader that I believe would deserve a page, but doesn't have one? ||| Hey how do I create a business here ||| Hello how do I create my business page? ||| Hey, I want to create a page for my Business, how can I go about it?"
80,qc_80,50,0.08,0.02,"how can i create people or company pages ||| hi I want to create a page for our company ||| Hello and respect
I have a company that has a lot of traffic and a lot of credibility on Google
Many articles and reports have been published on different sites than mine
I want to register a dedicated page for my company
what should I do? ||| what template would i use for this company
[LINK] ||| Pleased to meet you. I look forward to your guidance.
My goal is to create a page for a publicly-traded technology company, similar to:
[LINK]"
82,qc_82,31,0.0968,0.0323,"Hi, I added a row to the ""Notable Alumni"" table on the ""Neshaminy High School"" page. I didn't know how to insert it properly as Reference 55, so I tried to add it at the end of the list as reference 63. This did work as intended when I published the changes. Please advise me on how to properly insert a reference into a list. Thanks, CPF ||| Please add these two to the Notable People from Erskine College:
[WIKILINK] - Hall of Fame Erskine Baseball Coach and SC House of Representatives Member.
[WIKILINK] - Hall of Fame Erskine Basketball Coach. NAIA Coach of the Year. NAIA Hall of Fame Coach. ||| Hello, there is an entry on Wikipeadia on my father Eddie O'Hara (Footballer) and I would like to put a short entry bio on myself, such as:
Eddie O'Hara BEM is a British social worker based in Birmingham, England. He is the founding chair of the charity 'All Birmingham's Children (ABC) which advocates for children living in poverty and chiuld friendly policy. O'Hara was awarded the British Empire Medla (BEM) in the 2022 New Years Honours for services to children and families.
Thank you Eddie ||| hi, how can i contribute a new entry? There is no page for the AAAS Science & Technology fellowship ([LINK] that the recent CDC director, Susan Monarez, is an alumna of. ||| How do I add James P. O’Neill former New York City Police Commissioner who lived in Montville and graduated from Montville Township High School class of 1973 to Notable People from Montville?"
83,qc_83,29,0.2414,0.2069,"Hi Michael, sorry to bother you but I’m stuck on a small edit. I spotted that “Arun Valley”, on the “List of Special Areas of Conservation in England” page was incorrectly linking to the Wikipedia page describing the one in Tibet/Nepal! I edited/removed the link but then noticed I needed to make it a ‘red’ link. I’ve followed the instructions on the Red Link page, but it reinstated the original incorrect link! I’ve undone this edit so the link is now black, but it clearly needs set to red. Any guidance or direction you can give would be much appreciated. Thanks, Peter. ||| Hello!
I've mainly made my account to propose that the article for ""Scores_on_the_doors"" shouldn't redirect to ""Food_safety#Regulations_by_jurisdiction_and_agency"", as the phrase's origins are unclear due to it having two meanings (Food Safety regulations, and a catchphrase on the UK show ""The Generation Game""), and would like to propose that it either redirects to ""The_Generation_Game#Catchphrases"" instead, or that there is a separate page linking to both articles.
However, I'm completely new to Wikipedia and I have no idea how to do this. Would you be able to help me? ||| Hey! Excited to be contributing. I made an edit to the Sassafras albidum page that removed a weird comma. There was a box to add a description to the edit and it already had some text in it with /* */ around it. I tried to press enter to make a newline and start my comments after and that published the change :(. Two questions: Should I leave the text /* with this around it */ in the change description when I make an edit? Is there a good way to add a description to that edit since I didn't get to before (or should I just not worry about it)? ||| I'm working on my Ngorongoro Conservation Area page. On the Talk page, it mentions a problem linking to an anchor. On the article, I can see that the intention is to have a link that goes to the Great Migration section of the Serengeti article - instead it goes to the main article. The note in the Talk page says the anchor needs to be fixed.
Would you please direct me to information about how to fix this link? Do I need to edit the anchor on the Serengeti page? Or is there a way to code it from the NCA page? And I need to know how to do either (or both) of the things I just listed. Thanks! ||| Hi LEvalyn, re: Talk:North American railroad signaling.
There seems to be a lack of a focus point of this article. If there is enough information to warrant it standing alone, perhaps altering the title to: ""North American railroad signal systems""
Photographs identifying railroad signals and signs as well as other items referencing this technology in history.
If my input has any merit & you would you redirect my inquiry, I would appreciate it. Thanks"
84,qc_84,130,0.3615,0.1846,"How to link a website while editing any article? ||| How to add external links 😕 ||| How do I hyperlink to relevant W pages? ||| How do I make a link to a different article? ||| Heyo. Quick question for someone with experience, with adding links between articles, is it better to have lots or a ""less is more"" approach? Thanks in advance!"
85,qc_85,20,0.65,0.55,"Hello AllyD,
Wikipedia suggested that I update the page for [WIKILINK], but the existing website links and CNN sources are either links to InternetArchive or don't exist at all. Information online is also extremely limited. What do you recommend I do in this case? Thanks! ||| Hi , thanks a lot for fielding questions.
I posted at [WIKILINK] promoting a merge, but note that the discussion is old and shadowed by new posts. Is it likely that watchers will see it adequately? Or is it helpful to re-start the proposal with a new category, referring back? Moving the discussion to the bottom sounds like a bad ideas since the edits will be ascribed to me in e.g. WikiBlame rather than to the authors. Posting to the merge partner [WIKILINK] sounds like a good idea but I don't want to fragment the discussion. Finally I can go by the template usage at the proposal to merge e.g. [WIKILINK] and [WIKILINK] in order to put up banners at both, but want to ask for your guidance first. For example, should I be prepared to do the merge myself if it is supported? And finally, I can just be [POLICY] and do stuff instead of bugging you. – ||| Hi Luni! Super new here so I hope I'm doing this correctly. I came across a page with an active merge request that I think makes a lot of sense but no one else has partaken in it (page is [WIKILINK] btw) and idk how to join in. Do I just make a reply stating that I think it should happen? Ty! ||| Hey! Can you answer my protection request about [WIKILINK], right now please? ||| Hello Eddie891, I have just now created this account but did some editing on Wiki around 5 years ago. I use the encyclopedia often but am retired and my usage is leisurely.
I was reading the Human Migration page. While there's a lot of good information, the page needs a major revamping. There are contradictions between the sections, the logic is weak, and there's a jumble of conflicting definitions. The result is confusion. I checked the 'talk' on this page, and found that back in 2015/17 someone else made similar points. They suggested a ""Merge"". I suggest a reshuffle and cutting. The topic needs to be precisely defined, logical connection between sections made, and then the links to other Wiki pages clearly specified. The way it stands now, this page tries to do everything and ends up doing nothing.
This is an important topic. Please have a look at it. I could help revise but it would mean a total reshuffle.
Thanks for you consideration on this,
Jansan72"
86,qc_86,54,0.3889,0.2222,"Hi there! I would like to include link in a wikipedia.org page to another page that only exists in French--so, on wikipedia.fr. I see that the normal way of linking another Wikipedia page (using square brackets, [WIKILINK]), doesn't work. Do you have any tips? ||| How do I add a link from new wiki page to articles on other pages or to a website. Thankyou ||| Hello! I am trying to add links to other wiki pages in a new wiki page I am creating. I amusing Visual Editor. When I highlight a term and then click on the link icon, I get a window which gives me the options to ""Edit"" or remove the link. But all I want to do is add the link. It does not seem to give me the option to do this Thanks. ||| Hi Aaron, I'm am trying to create a page for a public figure, I want to open the page up for edits by team members, how do I create a link to send to them so that they can can edit the page live ||| Hi, I have started translating wikipedia articles to tamil recently. Since some articles still don't have a tamil translation, I want to attach the hyperlink to the english article within the tamil article. How do I do that? Thanks!"
88,qc_88,57,0.2982,0.1053,"I am finding a highly biased content. How can I edit it or report it. It also uses loads of sources but all sources are from the same leaning media with the same narrative. ||| Added some text, facts. How do I cite? ||| Magnesium l threonate would cross BBB ... why you don't include it ||| Hi, I'm thinking about moving a page. It's the Mental disorders diagnosed in childhood and I'm thinking about changing it to Mental disorders typically diagnosed in childhood. While it's not a big change I feel it's more accurate both the sources of DSM-5-TR and ICD-11. Also it makes sure that people don't think that these mental disorders are only diagnosed in childhood, rather that they are generally present during childhood. Thanks in advance! ||| Ok so there is a piece of useless information. Specifically it elaborates on the word ""Apelion"" despite the fact the word is a link to the definition itself."
89,qc_89,40,0.2,0.075,"Hi, I recently reset my computer, and after that, I tried accessing my Wiki account. For some reason, I couldn't log in no matter what I did. Today, I tried signing up again using the exact same username and email address — surprisingly, it let me create a new account. I'm confused about how this is possible. Could you help me understand what's going on or guide me on what to do next? Thanks in advance. ||| I wanted to add something to a page, but instead I accidentally created another new page. What to do now.? ||| Hello, how do I delete the wiki page I've created? ||| Hi there, I have a question I hope you can answer for me... How do I go about deleting an old account affiliated with wikipedia? Thank you in advance. ||| Help me make the deletion discussion"
90,qc_90,77,0.3377,0.1688,"I added Jaws: The Revenge ahead of creating my account, is there a way to loop that back in since it was tied to my IP address, or just moving forward the account will track what I do? ||| I have a question for you: When I register and edit on Wikipedia, I am not logged in with my username, but with the name of an anonymous user (185.213.229.116). Why is this happening? Thank you. Happy editing! ||| Hello I previously edited under my old account jdmaltz, which i cannot access the email (I believe it was my old unversity email from grad school which doesn't exist any more and was transfered to an an alumni email) that it is linked to anymore. is there any way to access that account or link it to this one? ||| Hello to you, over the weekend I attended a meeting at the local library and was given some education on the process of editing and tried to set up an account then, but clearly others attending had already set up accounts and I was unable to do so because it would exceed the maximum of 6 per day on that IP address. So I have set up my account at home today. I am particularly looking at data on Waiheke Island and yesterday while at the library on talk raised three questions in regards to the present data in regard to the island, but not having an account at the time will not be notified if anyone enters the conversation. ||| Hello. Is my IP address public when i edit pages?"
91,qc_91,64,0.5625,0.4375,"Hey, I am Heven 310. I want to know how to add source in wikipedia's article from any other website. ||| Hi. Do you know what are the preferred archival websites for source links? I usually use web.archive.org, but sometimes it doesn't work and I might need to use something else. Thank you. ||| As a new Wikipedia editor, I'm eager to contribute accurately. Could you advise on best practices for citing sources, especially for articles on current events and international relations? ||| How can I easily add a source to an article? I just added one to the Mark Chapman Wikipedia page and I got it right on like my 4th/5th try ||| Hi!! Out of curiosity, are there any search engines / programs you would recommend for finding sources that pre-date the internet? (I.e older newspapers, books, broadcasts)"
92,qc_92,41,0.4878,0.2439,"I would like to know how to create a citation on Wikipedia ||| Hello
I have inline citations on an article “woji”, yet wiki displays “ This article does not cite any sources.” How do I fix this? ||| Hey Dcheagle, I am a high school student in Hong Kong doing a project where I am to edit a Wikipedia article based off my research. I was wondering what form of citations Wikipedia uses. Thanks. ||| how do I create a citation to back up my Wiki edit? ||| Hi Alaexis,
I am new and would like to update a biographical page but I want to make sure it is done properly, the first time around. I have the text and legitmate citations ready but when you get to the edit page, it looks a bit daunting. Can you explain to me how to properly input a citation please?
Also, how to input a wikipedia link. Is it just as simple as place the text in between two square brackets? [WIKILINK]
Also, when I add a new citation, does wikipedia automatically edit and change the citation number, or do I have to do that manually somehow?
Many thanks in advance
Roo"
93,qc_93,128,0.375,0.2266,"Hello, I have just started editing an article which already has some references. How do I enter a book ref? ||| I need help with the building blocks of people's centred approach and their references ||| hi
how can we add References ? ||| Hello sir,
Can you tell me how to edit reference ||| How do I make a reference in a template?"
94,qc_94,21,0.4286,0.1905,"Hello, I found an article, Tandem Accelerator Superconducting Cyclotron, that is one paragraph, if you can even call it that, and a link to the Canadian Penning Trap Mass Spectrometer. It has two references. I've done some research, and there's not that much out there. Is there anything I can do?
Thank You
Titanium-132 ||| Hello and happy new year. I am new in terms of participating and have a question regarding editing a reference section of an existing page. I have made a minor change to a page by editing the town population count using the latest census. Editing the text section was easy, but I couldn't figure out how to update the reference section so to replace the old census link and replace it with the new one (2021). Could you please explain how to update the link in the reference section?
Below is the link to the w page. Thanks. [LINK] ||| The patent link on this page does not work (reference 2)
link should be - [LINK] ||| Hi there. I have made my first edit but wasn't sure how to add a reference/link. Can you advise please? ||| Hi, I edited some text to remove an unnecessary citation in the Cambridge Debate section of the page - but I do not know how to fix the cite error that is now in the References section. Could you please help?"
95,qc_95,30,0.5667,0.3,"Hi,
I have done some copyedits and I am still learning. I was wondering that the scores in red or green mean when I look at my contributions? ||| Kawika2: Hello Ferien! what are the points for when you edit a page? You get minus or plus points. ||| Hi, is there any way I can 'claim' this contribution I did right before making an account?
[LINK] ||| Hello sir/ma’am, I have come to ask about the +/- sign in green or red, that appears after editing a page. ||| What exactly is the number(like a plus seven or negative 2) beside when you review your edits under user contribution page?"
96,qc_96,31,0.4516,0.2903,"Can you please stop undoing my edits, I need to make a point to my computer class, I am a teacher. I will fix the vandalisms after, I just want to show them proof on why they can't cite Wikipedia even though it is a great source, they need others as well.
Thanks for your troubles! ||| Hi DanCherek and mentor, how does one go about becoming a CVU Academy Graduate and working more in the anti-vandalism area? Your guidance will be appreciated. Thank you. ||| HI I am trying to make edits to a page and people keep undoing them. They are legitimate, cited edits! I used a ""talk"" button to make my case but am being ignored. What can I do? Thanks! ||| Hello, What is anti Vandalism, teach me ||| When someone fires vandalism?"
97,qc_97,121,0.2893,0.1322,"Hello, I am an experienced fandom editor and would love to know the basics of wikipedia's editing tools (if there are any similiar to fandom's template option) ||| how can i edit my own wikipedia page ||| Hello how do I edit an article here on Wikipedia ||| Hi, Ixtal! Nice to meet you. I have retired, and I've always wished that my field was better represented in Wikipedia. I'm not sure yet, but I think the best approach might be to do a few small edits first. If it turns out that this is a satisfying activity, however, I'll want to find an organized approach--like starting with a wish list of articles and creating over time. What is my best strategy for discovering like-minded editors? ||| hello, thank you for volunteering your expertise and time to help new users like me :) i'm just an autistic girl who cannot stand even minor errors so making corrections and reversing vandalism really interests me although i'm not amazing at formatting so there may be a learning curve there and that's why its taken me so long to actually try to become a Wikipedia editor"
98,qc_98,29,0.2069,0.069,"There are many wrong information abailable the wikipedia platform which are widely monitored by themselves. Whenever someone correct those edits they are keeping an eye to unbring the changes in to the page. What is to be done in those circumstances? ||| Hi there! I was reviewing my own Wikipedia page only to find that some slanderous news articles were defining my long career. I submitted a request for an update to my page, but I want to ensure that the corrections are made and that I am made aware of future changes that are made by those with ill intentions. Can you help advise me? ||| Does wikipedia show if a citation is wrong or messed up, by not me but others too? ||| Hi, thanks for your welcome. I've been using Wikipedia for a long time and find it quite helpful. I also have enormous respect for the work of your contributors. I speak and write in both English and French (perfectly fluent in the later). I'll try to contribute once in a while, to the best of my knowledge. I just came across a slight mistake on Wikipedia's page ""Garbage (band)"". I wish to correct it. How should I proceed? ||| Does Wikipedia strive for FACT-BASED content?"
99,qc_99,68,0.2941,0.1618,"hello, how to edit a page? ||| Hello. I would like to ask you a question, about a page I'm editing but it won't let me post it. ||| Where is my page
Where we edit our page ||| Hello, I did everything to log in like singing in and confirming it but still I am not able to edit pages like Zootopia 2 Wiki, Zootopia (franchise). ||| How to edit my page?"
100,qc_100,24,0.4167,0.2083,"Hello Mentor, how do I create links and go about citations ||| Hello mentor, How do I create a citation? ||| Hi, Lindsey. Great to connect. Thank you for mentoring!!
My Q: How do I create a citation for birth and death dates using a state-issued death certificate? ||| Hello Emily! ""I dream of horses!""
Warm heartedly thanks for choosing me as a Wikipedian mentor to guide me to walk on Wikipedian expeditions.
How shall I go for citation?
Shanta bahadur shakya
[LINK] ||| Hello Mentor, could you please help me with creating inline citations to meet the requirements? I believe the subject is notable, but it lacks references.
Thank you."
101,qc_101,22,0.3182,0.1818,"I need help citing scientific publication into an article ||| Hello there:
Do citations always have to end up being footnotes? Or is there a way to have a citation without adding more footnotes to the article?
Thanks for the help! ||| Hi, would you recommend including citations as I am writing the article or including citation all at the end? ||| I have just published my first page, but there are multiple issues with citations. I have all of documents and links for the article, but I don't know how to format it properly. Might you help me with this? Thank you! ||| How do I make citations on articles with little to no actual information on them. I keep getting recommended these kinds of articles in sport-related topics, and they usually just have a bit of body as the introduction, and the rest is league tables and other statistics."
102,qc_102,25,0.08,0.04,"How do I correct a factual error? ||| Hello, how do I edit deliberate misinformation on your site? ||| Hello
Hiw do I correct a piece of information on an article? ||| Hi there - I'm hoping to raise a topic on a page that contains misleading information and is currently being used to facilitate scams / fraud.
Are there any recommended approaches to raising this as a topic if it's not relevant to an individual's biographic information?
[LINK] ||| How do I respond to the misrepresentation of the other Elaine McKenna?"
103,qc_103,29,0.3448,0.1379,"Hi! I made a few page edit requests. How long do those take to be addressed, typically? Thanks! ||| Hello! I hope you have a nice day.
How long does it take on average for edits to be viewed?
Thank you in advance! ||| Good morning Liu. Thokgi here.
Is it possible to get notifications on new edits? How soon should I be able to work on the edits once they are in? ||| How long does it take edits to a page to go live? Thanks. ||| Hello, I want to embark on an editing marathon to break a Guinness World Record (Longest edit-a-thon). I have applied for it already and it has been approved. How do I go about it here?"
104,qc_104,47,0.2766,0.1277,"Hi
Please, how do I make the general public see my edit? ||| Why does it take forever to load your edits? ||| I just publish an edit of this page but why I didn't see any change? ||| Hello, the system keeps telling me when i try to publish by changes after expanding the reception section of Miside that it's an unconstructed change. What do I do ? ||| Hello there! How do I publish edits to an ECP page on behalf of the concerned person? (Craig Mokhiber) Thank you."
105,qc_105,22,0.5455,0.4091,"hello, is there a ladder system for editor like beginner, experienced, expert editor? ||| when making multiple small edits, is it preferred to submit each edit individually or all at once? ||| hello bunny, just wanted to ask you a question. i am on my kindle, and my editor won't load properly. it has worked for me once or twice, but not other times. i have only editied 4 times. regards, wikalevi ||| Hi! I was browsing some pages for practicing copyedits, and have a question about formatting.
I edit on mobile, and though I hope to someday understand wikitext, I'm stuck on visual editor. As far as I can see, I can only change one section (is there a more formal name for that?) per edit. Ex, I can only alter ""History"", and not ""Awards"" in a single edit. My question is, is there a way to not stretch that across several edits? I know it's frowned upon to create an account, and instantly start jacking up your edit.
Sorry for being long-winded tbh with how much i wrote and rewrote this message you'd think it'd be more compact, and thank you so much! ||| Hi can I friend other editors"
106,qc_106,71,0.3662,0.2254,"Dear Leonidlednev,
I have a question regarding undoing an edit. As can be seen on my first edit of the PW1000G engine page, I've accidentally undone my edit then did an edit undoing that accidental removal. Is there a better way? It kinda makes the edit logs a mess. Thank you very much. ||| Hi Uther, I'm very new to this and completely overwhelmed. I think I've done everything wrong. Is there a way to just remove everything I've written and replace it with the original text? I messed up and didn't follow the guidelines properly. I just want to start over from the beginning. Can I revert everything to how it was? ||| Hello. I've mistakenly marked an edit of mine as minor, when in reality it does change the meaning of the article, even if only marginally. Is there a way to recategorize the edit, or should I just live with the error? Thank you for taking the time to help. Cheers. ||| How to control my anger when an another editor reverts my revision ||| hello jay, just wondering would it be better to focus on one type of genre when it comes to editing or all over. I only really know the acting world"
107,qc_107,74,0.4054,0.2297,"Greetings, dear Mujinga!
This is my first time
Copy-Editing.
I have carefully scanned
The Article Text,
But I don’t see any
Improvements.
Have I missed something?
Can you give me some helpful
Pointers for starting out
In Copy-Editing?
Thank you for your Time and Guidance.
Most Sincerely,
Brent B. ||| Good evening my mentor, I'd be happy to learn how possible it is to copy edit an improper reference link of any tasked in given to do. ||| Hi there,
I'm trying my hand at editing (have done 7 so far), but I find the examples I'm given hard to fault. The tone seems neutral to me, the text is well-written.
Am I missing something?
With thanks and regards,
Madeleine ||| How do I begin as a new editor? I feel hesitant to edit. I feel like I might make the original text worse?
Do you have any types? Grammar-wise and tone-wise, so that I can strengthen my informative writing and proofreading. ||| Hello Toadspike I have a question about Copyediting. so when Copyediting how should I go about problems from a long time ago like (2012) and I can't find the mistake, as well as not being able to find a mistake in general. thank you for your time"
108,qc_108,137,0.2993,0.1606,"Hey Hi Jay,
You have been assigned as a mentor to you so thank you first of all. I am very new here in the editor role. Would seek your guidance.
How have you been? And which part of the world do you live in?
I saw you talking about digital signature. What is it?
Also, what things I should keep in mind while editing or listing a new topic?
Best,
Anuj (from India) ||| How do I expand an article? I am new to editing and I would like some tips. ||| Hi, I am mostly interested in philosophy and technology. How do I start editing this articles? ||| Hi, where can I find the articles that I can edit? ||| Hi! I have a question, if you are updating a page, do you need to update the entire page at once or can you add the update to some sections and update the rest later if the article is long or you don't have enough time."
109,qc_109,35,0.6,0.4286,"How to open Visual Editor ||| Why does Edit Source come up instead of Edit Article on public pages? ||| what is the difference between visual editing and source editing(I have edited before but only with visual editor not source editor)? ||| Hi, Nobody, I'm Sid. I've just opened an account.
It seems as if there are two editing methods, apparently called source and visual. I think my practice edits so far have been done using visual. I'd expect source editing to involve use of markup, which I would probably prefer as I have considerable experience of HTML and XML. Which would you recommend? ||| HI Gerald, Where can I find a quick guide to the basics of coding an edit?"
110,qc_110,59,0.2203,0.0847,"Hey dude how you doing? By the way I am using Wikipedia on mobile and I am not able to use the visual editor on the mobile app ( however I can use it on the website in chrome).
Is there a way to use the visual editor on the mobile app? Thank you !!! ||| Hello
How do I edit on a mobile and PC? ||| How can I edit a fake respite ||| Should i do editing on pc or stick to mobile? ||| Merhaba şağ üstte olması gereken düzenle tuşu nerde?+Bilgi kutusu ve değisiklik òzeti nerde"
